"","municipio_ejecucion_2","total_contratos","valor","asignacion","codigo_municipio","codigo_departamento"
"1","amazonas-elencanto",22,"0","amazonas-elencanto","91263","91"
"2","amazonas-lachorrera",11,"0","amazonas-lachorrera","91405","91"
"3","amazonas-lapedrera",6,"0","amazonas-lapedrera","91407","91"
"4","amazonas-lavictoria",4,"0","amazonas-lavictoria","91430","91"
"5","amazonas-leticia",769,"0","amazonas-leticia","91001","91"
"6","amazonas-miriti-parana",1,"0","amazonas-miriti-parana","91460","91"
"7","amazonas-puertoalegria",1,"0","amazonas-puertoalegria","91530","91"
"8","amazonas-puertoarica",3,"0","amazonas-puertoarica","91536","91"
"9","amazonas-puertonarino",15,"0","amazonas-puertonarino","91540","91"
"10","amazonas-puertosantander",5,"0","amazonas-puertosantander","91669","91"
"11","amazonas-tarapaca",3,"0","amazonas-tarapaca","91798","91"
"12","antioquia-abejorral",293,"0","antioquia-abejorral","5002","5"
"13","antioquia-abriaqui",16,"0","antioquia-abriaqui","5004","5"
"14","antioquia-alejandria",183,"0","antioquia-alejandria","5021","5"
"15","antioquia-amaga",209,"0","antioquia-amaga","5030","5"
"16","antioquia-amalfi",150,"0","antioquia-amalfi","5031","5"
"17","antioquia-andes",1,"0","antioquia-andes","5034","5"
"18","antioquia-angelopolis",889,"0","antioquia-angelopolis","5036","5"
"19","antioquia-angostura",148,"0","antioquia-angostura","5038","5"
"20","antioquia-anori",903,"0","antioquia-anori","5040","5"
"21","antioquia-anza",187,"0","antioquia-anza","5044","5"
"22","antioquia-apartado",12,"0","antioquia-apartado","5045","5"
"23","antioquia-arboletes",2090,"0","antioquia-arboletes","5051","5"
"24","antioquia-argelia",243,"0","antioquia-argelia","5055","5"
"25","antioquia-armenia",197,"0","antioquia-armenia","5059","5"
"26","antioquia-barbosa",346,"0","antioquia-barbosa","5079","5"
"27","antioquia-bello",22148,"0","antioquia-bello","5088","5"
"28","antioquia-belmira",184,"0","antioquia-belmira","5086","5"
"29","antioquia-betania",2,"0","antioquia-betania","5091","5"
"30","antioquia-betulia",1553,"0","antioquia-betulia","5093","5"
"31","antioquia-briceno",154,"0","antioquia-briceno","5107","5"
"32","antioquia-buritica",426,"0","antioquia-buritica","5113","5"
"33","antioquia-caceres",343,"0","antioquia-caceres","5120","5"
"34","antioquia-caicedo",290,"0","antioquia-caicedo","5125","5"
"35","antioquia-caldas",7038,"0","antioquia-caldas","5129","5"
"36","antioquia-campamento",263,"0","antioquia-campamento","5134","5"
"37","antioquia-caracoli",178,"0","antioquia-caracoli","5142","5"
"38","antioquia-caramanta",104,"0","antioquia-caramanta","5145","5"
"39","antioquia-carepa",232,"0","antioquia-carepa","5147","5"
"40","antioquia-carolinadelprincipe",144,"0.0758620689655173","antioquia-carolina","5150","5"
"41","antioquia-caucasia",701,"0","antioquia-caucasia","5154","5"
"42","antioquia-chigorodo",630,"0","antioquia-chigorodo","5172","5"
"43","antioquia-cisneros",397,"0","antioquia-cisneros","5190","5"
"44","antioquia-ciudadbolivar",2976,"0","antioquia-ciudadbolivar","5101","5"
"45","antioquia-cocorna",531,"0","antioquia-cocorna","5197","5"
"46","antioquia-concepcion",65,"0","antioquia-concepcion","5206","5"
"47","antioquia-concordia",496,"0","antioquia-concordia","5209","5"
"48","antioquia-copacabana",699,"0","antioquia-copacabana","5212","5"
"49","antioquia-dabeiba",600,"0","antioquia-dabeiba","5234","5"
"50","antioquia-donmatias",130,"0","antioquia-donmatias","5237","5"
"51","antioquia-ebejico",257,"0","antioquia-ebejico","5240","5"
"52","antioquia-elbagre",224,"0","antioquia-elbagre","5250","5"
"53","antioquia-elcarmendeviboral",98,"0","antioquia-elcarmendeviboral","5148","5"
"54","antioquia-elpenol",1,"0.0568627450980392","antioquia-penol","5541","5"
"55","antioquia-elsantuario",625,"0","antioquia-elsantuario","5697","5"
"56","antioquia-entrerrios",45,"0","antioquia-entrerrios","5264","5"
"57","antioquia-envigado",8,"0","antioquia-envigado","5266","5"
"58","antioquia-fredonia",1584,"0","antioquia-fredonia","5282","5"
"59","antioquia-frontino",374,"0","antioquia-frontino","5284","5"
"60","antioquia-giraldo",286,"0","antioquia-giraldo","5306","5"
"61","antioquia-girardota",1576,"0","antioquia-girardota","5308","5"
"62","antioquia-gomezplata",414,"0","antioquia-gomezplata","5310","5"
"63","antioquia-granada",158,"0","antioquia-granada","5313","5"
"64","antioquia-guadalupe",2,"0","antioquia-guadalupe","5315","5"
"65","antioquia-guarne",1,"0","antioquia-guarne","5318","5"
"66","antioquia-guatape",1106,"0","antioquia-guatape","5321","5"
"67","antioquia-heliconia",221,"0","antioquia-heliconia","5347","5"
"68","antioquia-hispania",844,"0","antioquia-hispania","5353","5"
"69","antioquia-itagui",12534,"0","antioquia-itagui","5360","5"
"70","antioquia-ituango",482,"0","antioquia-ituango","5361","5"
"71","antioquia-jardin",4701,"0","antioquia-jardin","5364","5"
"72","antioquia-jerico",323,"0","antioquia-jerico","5368","5"
"73","antioquia-laceja",649,"0","antioquia-laceja","5376","5"
"74","antioquia-laestrella",2565,"0","antioquia-laestrella","5380","5"
"75","antioquia-lapintada",113,"0","antioquia-lapintada","5390","5"
"76","antioquia-launion",1596,"0","antioquia-launion","5400","5"
"77","antioquia-liborina",2,"0","antioquia-liborina","5411","5"
"78","antioquia-maceo",372,"0","antioquia-maceo","5425","5"
"79","antioquia-marinilla",412,"0","antioquia-marinilla","5440","5"
"80","antioquia-medellin",97565,"0","antioquia-medellin","5001","5"
"81","antioquia-montebello",485,"0","antioquia-montebello","5467","5"
"82","antioquia-murindo",260,"0","antioquia-murindo","5475","5"
"83","antioquia-mutata",1,"0","antioquia-mutata","5480","5"
"84","antioquia-narino",246,"0","antioquia-narino","5483","5"
"85","antioquia-nechi",306,"0","antioquia-nechi","5495","5"
"86","antioquia-necocli",2355,"0","antioquia-necocli","5490","5"
"87","antioquia-olaya",302,"0","antioquia-olaya","5501","5"
"88","antioquia-peque",537,"0","antioquia-peque","5543","5"
"89","antioquia-pueblorrico",196,"0","antioquia-pueblorrico","5576","5"
"90","antioquia-puertoberrio",221,"0","antioquia-puertoberrio","5579","5"
"91","antioquia-puertonare",315,"0","antioquia-puertonare","5585","5"
"92","antioquia-puertotriunfo",237,"0","antioquia-puertotriunfo","5591","5"
"93","antioquia-remedios",841,"0","antioquia-remedios","5604","5"
"94","antioquia-rionegro",2,"0","antioquia-rionegro","5615","5"
"95","antioquia-sabanalarga",684,"0","antioquia-sabanalarga","5628","5"
"96","antioquia-sabaneta",4,"0","antioquia-sabaneta","5631","5"
"97","antioquia-salgar",914,"0","antioquia-salgar","5642","5"
"98","antioquia-sanandresdecuerquia",161,"0","antioquia-sanandresdecuerquia","5647","5"
"99","antioquia-sancarlos",258,"0","antioquia-sancarlos","5649","5"
"100","antioquia-sanfrancisco",205,"0","antioquia-sanfrancisco","5652","5"
"101","antioquia-sanjeronimo",460,"0","antioquia-sanjeronimo","5656","5"
"102","antioquia-sanjosedelamontana",168,"0","antioquia-sanjosedelamontana","5658","5"
"103","antioquia-sanjuandeuraba",577,"0","antioquia-sanjuandeuraba","5659","5"
"104","antioquia-sanluis",1191,"0","antioquia-sanluis","5660","5"
"105","antioquia-sanpedrodelosmilagros",2,"0","antioquia-sanpedrodelosmilagros","5664","5"
"106","antioquia-sanpedrodeuraba",1362,"0","antioquia-sanpedrodeuraba","5665","5"
"107","antioquia-sanrafael",2,"0","antioquia-sanrafael","5667","5"
"108","antioquia-sanroque",430,"0","antioquia-sanroque","5670","5"
"109","antioquia-santabarbara",1060,"0","antioquia-santabarbara","5679","5"
"110","antioquia-santafedeantioquia",938,"0","antioquia-santafedeantioquia","5042","5"
"111","antioquia-santarosadeosos",140,"0","antioquia-santarosadeosos","5686","5"
"112","antioquia-santodomingo",164,"0","antioquia-santodomingo","5690","5"
"113","antioquia-sanvicente",3,"0","antioquia-sanvicente","5674","5"
"114","antioquia-segovia",1188,"0","antioquia-segovia","5736","5"
"115","antioquia-sonson",5432,"0","antioquia-sonson","5756","5"
"116","antioquia-sopetran",925,"0","antioquia-sopetran","5761","5"
"117","antioquia-tamesis",573,"0","antioquia-tamesis","5789","5"
"118","antioquia-taraza",256,"0","antioquia-taraza","5790","5"
"119","antioquia-tarso",680,"0","antioquia-tarso","5792","5"
"120","antioquia-titiribi",67,"0","antioquia-titiribi","5809","5"
"121","antioquia-toledo",260,"0","antioquia-toledo","5819","5"
"122","antioquia-turbo",2,"0","antioquia-turbo","5837","5"
"123","antioquia-uramita",528,"0","antioquia-uramita","5842","5"
"124","antioquia-urrao",816,"0","antioquia-urrao","5847","5"
"125","antioquia-valdivia",717,"0","antioquia-valdivia","5854","5"
"126","antioquia-vegachi",137,"0","antioquia-vegachi","5858","5"
"127","antioquia-venecia",1922,"0","antioquia-venecia","5861","5"
"128","antioquia-vigiadelfuerte",9,"0","antioquia-vigiadelfuerte","5873","5"
"129","antioquia-yali",693,"0","antioquia-yali","5885","5"
"130","antioquia-yarumal",2,"0","antioquia-yarumal","5887","5"
"131","antioquia-yolombo",2557,"0","antioquia-yolombo","5890","5"
"132","antioquia-zaragoza",23,"0","antioquia-zaragoza","5895","5"
"133","arauca-arauca",1500,"0","arauca-arauca","81001","81"
"134","arauca-arauquita",3951,"0","arauca-arauquita","81065","81"
"135","arauca-cravonorte",990,"0","arauca-cravonorte","81220","81"
"136","arauca-fortul",1840,"0","arauca-fortul","81300","81"
"137","arauca-puertorondon",862,"0","arauca-puertorondon","81591","81"
"138","arauca-saravena",979,"0","arauca-saravena","81736","81"
"139","arauca-tame",4232,"0","arauca-tame","81794","81"
"140","atlantico-baranoa",1769,"0","atlantico-baranoa","8078","8"
"141","atlantico-barranquilla",1080,"0","atlantico-barranquilla","8001","8"
"142","atlantico-campodelacruz",514,"0","atlantico-campodelacruz","8137","8"
"143","atlantico-malambo",109,"0","atlantico-malambo","8433","8"
"144","atlantico-manati",3,"0","atlantico-manati","8436","8"
"145","atlantico-palmardevarela",1097,"0","atlantico-palmardevarela","8520","8"
"146","atlantico-polonuevo",85,"0","atlantico-polonuevo","8558","8"
"147","atlantico-ponedera",95,"0","atlantico-ponedera","8560","8"
"148","atlantico-puertocolombia",61,"0","atlantico-puertocolombia","8573","8"
"149","atlantico-sabanalarga",1,"0","atlantico-sabanalarga","8638","8"
"150","atlantico-santalucia",1,"0","atlantico-santalucia","8675","8"
"151","atlantico-santotomas",124,"0","atlantico-santotomas","8685","8"
"152","atlantico-soledad",10177,"0","atlantico-soledad","8758","8"
"153","atlantico-suan",905,"0","atlantico-suan","8770","8"
"154","bogotadc-bogotadc",43763,"1","ninguno","11001","11"
"155","bolivar-achi",7,"0","bolivar-achi","13006","13"
"156","bolivar-arenal",3,"0","bolivar-arenal","13042","13"
"157","bolivar-arjona",1147,"0","bolivar-arjona","13052","13"
"158","bolivar-arroyohondo",1,"0","bolivar-arroyohondo","13062","13"
"159","bolivar-barrancodeloba",41,"0","bolivar-barrancodeloba","13074","13"
"160","bolivar-calamar",677,"0","bolivar-calamar","13140","13"
"161","bolivar-cantagallo",4,"0","bolivar-cantagallo","13160","13"
"162","bolivar-cartagena",2020,"0.064","bolivar-cartagenadeindias","13001","13"
"163","bolivar-cordoba",1,"0","bolivar-cordoba","13212","13"
"164","bolivar-elcarmendebolivar",64,"0","bolivar-elcarmendebolivar","13244","13"
"165","bolivar-elguamo",232,"0","bolivar-elguamo","13248","13"
"166","bolivar-hatillodeloba",93,"0","bolivar-hatillodeloba","13300","13"
"167","bolivar-magangue",395,"0","bolivar-magangue","13430","13"
"168","bolivar-marialabaja",5,"0","bolivar-marialabaja","13442","13"
"169","bolivar-mompos",636,"0","bolivar-mompos","13468","13"
"170","bolivar-montecristo",36,"0","bolivar-montecristo","13458","13"
"171","bolivar-rioviejo",2,"0","bolivar-rioviejo","13600","13"
"172","bolivar-sancristobal",1,"0","bolivar-sancristobal","13620","13"
"173","bolivar-sanestanislaodekostka",1,"0.0551724137931035","bolivar-sanestanislao","13647","13"
"174","bolivar-sanfernando",5,"0","bolivar-sanfernando","13650","13"
"175","bolivar-sanjacinto",111,"0","bolivar-sanjacinto","13654","13"
"176","bolivar-sanjacintodelcauca",21,"0","bolivar-sanjacintodelcauca","13655","13"
"177","bolivar-sanjuannepomuceno",2958,"0","bolivar-sanjuannepomuceno","13657","13"
"178","bolivar-sanmartindeloba",358,"0","bolivar-sanmartindeloba","13667","13"
"179","bolivar-sanpablo",1,"0","bolivar-sanpablo","13670","13"
"180","bolivar-santacatalina",2,"0","bolivar-santacatalina","13673","13"
"181","bolivar-santarosadelima",29,"0.0521739130434784","bolivar-santarosadelsur","13683","13"
"182","bolivar-santarosadelsur",1396,"0","bolivar-santarosadelsur","13688","13"
"183","bolivar-simiti",336,"0","bolivar-simiti","13744","13"
"184","bolivar-villanueva",1,"0","bolivar-villanueva","13873","13"
"185","bolivar-zambrano",99,"0","bolivar-zambrano","13894","13"
"186","boyaca-almeida",88,"0","boyaca-almeida","15022","15"
"187","boyaca-aquitania",410,"0","boyaca-aquitania","15047","15"
"188","boyaca-belen",126,"0","boyaca-belen","15087","15"
"189","boyaca-berbeo",1,"0","boyaca-berbeo","15090","15"
"190","boyaca-boavita",50,"0","boyaca-boavita","15097","15"
"191","boyaca-boyaca",224,"0","boyaca-boyaca","15104","15"
"192","boyaca-briceno",104,"0","boyaca-briceno","15106","15"
"193","boyaca-buenavista",130,"0","boyaca-buenavista","15109","15"
"194","boyaca-busbanza",4,"0","boyaca-busbanza","15114","15"
"195","boyaca-caldas",1,"0","boyaca-caldas","15131","15"
"196","boyaca-campohermoso",35,"0","boyaca-campohermoso","15135","15"
"197","boyaca-chinavita",11,"0","boyaca-chinavita","15172","15"
"198","boyaca-chiquinquira",1467,"0","boyaca-chiquinquira","15176","15"
"199","boyaca-chiquiza(sanpedrodeiguaque)",133,"0.111764705882353","boyaca-chiquiza","15232","15"
"200","boyaca-chiscas",23,"0","boyaca-chiscas","15180","15"
"201","boyaca-chita",67,"0","boyaca-chita","15183","15"
"202","boyaca-combita",4,"0","boyaca-combita","15204","15"
"203","boyaca-covarachia",37,"0","boyaca-covarachia","15218","15"
"204","boyaca-cucaita",1,"0","boyaca-cucaita","15224","15"
"205","boyaca-duitama",2778,"0","boyaca-duitama","15238","15"
"206","boyaca-elcocuy",235,"0","boyaca-elcocuy","15244","15"
"207","boyaca-elespino",18,"0","boyaca-elespino","15248","15"
"208","boyaca-firavitoba",85,"0","boyaca-firavitoba","15272","15"
"209","boyaca-gachantiva",330,"0","boyaca-gachantiva","15293","15"
"210","boyaca-garagoa",209,"0","boyaca-garagoa","15299","15"
"211","boyaca-guacamayas",11,"0","boyaca-guacamayas","15317","15"
"212","boyaca-guateque",983,"0","boyaca-guateque","15322","15"
"213","boyaca-guayata",1,"0","boyaca-guayata","15325","15"
"214","boyaca-guican",69,"0","boyaca-guican","15332","15"
"215","boyaca-labranzagrande",182,"0","boyaca-labranzagrande","15377","15"
"216","boyaca-lacapilla",1,"0","boyaca-lacapilla","15380","15"
"217","boyaca-lauvita",1,"0","boyaca-lauvita","15403","15"
"218","boyaca-macanal",1,"0","boyaca-macanal","15425","15"
"219","boyaca-maripi",81,"0","boyaca-maripi","15442","15"
"220","boyaca-miraflores",802,"0","boyaca-miraflores","15455","15"
"221","boyaca-moniquira",860,"0","boyaca-moniquira","15469","15"
"222","boyaca-motavita",178,"0","boyaca-motavita","15476","15"
"223","boyaca-muzo",143,"0","boyaca-muzo","15480","15"
"224","boyaca-nuevocolon",268,"0","boyaca-nuevocolon","15494","15"
"225","boyaca-otanche",81,"0","boyaca-otanche","15507","15"
"226","boyaca-pachavita",3,"0","boyaca-pachavita","15511","15"
"227","boyaca-paez",9,"0","boyaca-paez","15514","15"
"228","boyaca-paipa",707,"0","boyaca-paipa","15516","15"
"229","boyaca-pajarito",4,"0","boyaca-pajarito","15518","15"
"230","boyaca-panqueba",3,"0","boyaca-panqueba","15522","15"
"231","boyaca-pauna",253,"0","boyaca-pauna","15531","15"
"232","boyaca-paya",275,"0","boyaca-paya","15533","15"
"233","boyaca-pesca",237,"0","boyaca-pesca","15542","15"
"234","boyaca-pisba",32,"0","boyaca-pisba","15550","15"
"235","boyaca-puertoboyaca",2083,"0","boyaca-puertoboyaca","15572","15"
"236","boyaca-ramiriqui",378,"0","boyaca-ramiriqui","15599","15"
"237","boyaca-rondon",66,"0","boyaca-rondon","15621","15"
"238","boyaca-sachica",2,"0","boyaca-sachica","15638","15"
"239","boyaca-samaca",666,"0","boyaca-samaca","15646","15"
"240","boyaca-sanluisdegaceno",130,"0","boyaca-sanluisdegaceno","15667","15"
"241","boyaca-sanmateo",19,"0","boyaca-sanmateo","15673","15"
"242","boyaca-sanmigueldesema",72,"0","boyaca-sanmigueldesema","15676","15"
"243","boyaca-sanpablodeborbur",106,"0","boyaca-sanpablodeborbur","15681","15"
"244","boyaca-santamaria",3,"0","boyaca-santamaria","15690","15"
"245","boyaca-santana",179,"0","boyaca-santana","15686","15"
"246","boyaca-santasofia",85,"0","boyaca-santasofia","15696","15"
"247","boyaca-sativanorte",12,"0","boyaca-sativanorte","15720","15"
"248","boyaca-siachoque",1,"0","boyaca-siachoque","15740","15"
"249","boyaca-soata",1276,"0","boyaca-soata","15753","15"
"250","boyaca-socha",204,"0","boyaca-socha","15757","15"
"251","boyaca-socota",56,"0","boyaca-socota","15755","15"
"252","boyaca-sogamoso",1538,"0","boyaca-sogamoso","15759","15"
"253","boyaca-sora",155,"0","boyaca-sora","15762","15"
"254","boyaca-sotaquira",138,"0","boyaca-sotaquira","15763","15"
"255","boyaca-sutamarchan",3,"0","boyaca-sutamarchan","15776","15"
"256","boyaca-sutatenza",4,"0","boyaca-sutatenza","15778","15"
"257","boyaca-tasco",146,"0","boyaca-tasco","15790","15"
"258","boyaca-tenza",1,"0","boyaca-tenza","15798","15"
"259","boyaca-toca",232,"0","boyaca-toca","15814","15"
"260","boyaca-togui",256,"0","boyaca-togui","15816","15"
"261","boyaca-tota",288,"0","boyaca-tota","15822","15"
"262","boyaca-tunja",3557,"0","boyaca-tunja","15001","15"
"263","boyaca-tunungua",2,"0","boyaca-tunungua","15832","15"
"264","boyaca-turmeque",262,"0","boyaca-turmeque","15835","15"
"265","boyaca-tuta",6,"0","boyaca-tuta","15837","15"
"266","boyaca-umbita",60,"0","boyaca-umbita","15842","15"
"267","boyaca-ventaquemada",332,"0","boyaca-ventaquemada","15861","15"
"268","boyaca-villadeleyva",291,"0","boyaca-villadeleyva","15407","15"
"269","boyaca-zetaquira",193,"0","boyaca-zetaquira","15897","15"
"270","caldas-aguadas",1714,"0","caldas-aguadas","17013","17"
"271","caldas-anserma",1712,"0","caldas-anserma","17042","17"
"272","caldas-aranzazu",614,"0","caldas-aranzazu","17050","17"
"273","caldas-arauca",2,"0.0720512820512821","caldas-aranzazu","17050","17"
"274","caldas-belalcazar",354,"0","caldas-belalcazar","17088","17"
"275","caldas-chinchina",2,"0","caldas-chinchina","17174","17"
"276","caldas-filadelfia",681,"0","caldas-filadelfia","17272","17"
"277","caldas-ladorada",21,"0","caldas-ladorada","17380","17"
"278","caldas-lamerced",281,"0","caldas-lamerced","17388","17"
"279","caldas-manizales",3846,"0","caldas-manizales","17001","17"
"280","caldas-manzanares",2291,"0","caldas-manzanares","17433","17"
"281","caldas-marmato",588,"0","caldas-marmato","17442","17"
"282","caldas-marquetalia",133,"0","caldas-marquetalia","17444","17"
"283","caldas-marulanda",163,"0","caldas-marulanda","17446","17"
"284","caldas-montebonito",2,"0.111904761904762","caldas-viterbo","17877","17"
"285","caldas-neira",965,"0","caldas-neira","17486","17"
"286","caldas-pacora",1027,"0","caldas-pacora","17513","17"
"287","caldas-pensilvania",1143,"0","caldas-pensilvania","17541","17"
"288","caldas-riosucio",4209,"0","caldas-riosucio","17614","17"
"289","caldas-risaralda",351,"0","caldas-risaralda","17616","17"
"290","caldas-salamina",984,"0","caldas-salamina","17653","17"
"291","caldas-samana",1323,"0","caldas-samana","17662","17"
"292","caldas-sanjose",409,"0","caldas-sanjose","17665","17"
"293","caldas-supia",93,"0","caldas-supia","17777","17"
"294","caldas-victoria",513,"0","caldas-victoria","17867","17"
"295","caldas-villamaria",476,"0","caldas-villamaria","17873","17"
"296","caldas-viterbo",428,"0","caldas-viterbo","17877","17"
"297","caqueta-albania",168,"0","caqueta-albania","18029","18"
"298","caqueta-belendelosandaquies",966,"0","caqueta-belendelosandaquies","18094","18"
"299","caqueta-cartagenadelchaira",554,"0","caqueta-cartagenadelchaira","18150","18"
"300","caqueta-curillo",107,"0","caqueta-curillo","18205","18"
"301","caqueta-eldoncello",661,"0","caqueta-eldoncello","18247","18"
"302","caqueta-elpaujil",175,"0","caqueta-elpaujil","18256","18"
"303","caqueta-florencia",10726,"0","caqueta-florencia","18001","18"
"304","caqueta-lamontanita",170,"0","caqueta-lamontanita","18410","18"
"305","caqueta-milan",205,"0","caqueta-milan","18460","18"
"306","caqueta-morelia",64,"0","caqueta-morelia","18479","18"
"307","caqueta-puertorico",331,"0","caqueta-puertorico","18592","18"
"308","caqueta-sanjosedelfragua",141,"0","caqueta-sanjosedelfragua","18610","18"
"309","caqueta-sanvicentedelcaguan",298,"0","caqueta-sanvicentedelcaguan","18753","18"
"310","caqueta-solano",130,"0","caqueta-solano","18756","18"
"311","caqueta-solita",102,"0","caqueta-solita","18785","18"
"312","caqueta-valparaiso",55,"0","caqueta-valparaiso","18860","18"
"313","casanare-aguazul",2384,"0","casanare-aguazul","85010","85"
"314","casanare-chameza",51,"0","casanare-chameza","85015","85"
"315","casanare-hatocorozal",53,"0","casanare-hatocorozal","85125","85"
"316","casanare-lasalina",14,"0","casanare-lasalina","85136","85"
"317","casanare-mani",55,"0","casanare-mani","85139","85"
"318","casanare-monterrey",44,"0","casanare-monterrey","85162","85"
"319","casanare-nunchia",14,"0","casanare-nunchia","85225","85"
"320","casanare-orocue",40,"0","casanare-orocue","85230","85"
"321","casanare-pazdeariporo",60,"0","casanare-pazdeariporo","85250","85"
"322","casanare-pore",17,"0","casanare-pore","85263","85"
"323","casanare-recetor",16,"0","casanare-recetor","85279","85"
"324","casanare-sabanalarga",9,"0","casanare-sabanalarga","85300","85"
"325","casanare-sacama",20,"0","casanare-sacama","85315","85"
"326","casanare-sanluisdepalenque",39,"0","casanare-sanluisdepalenque","85325","85"
"327","casanare-tamara",19,"0","casanare-tamara","85400","85"
"328","casanare-tauramena",533,"0","casanare-tauramena","85410","85"
"329","casanare-trinidad",37,"0","casanare-trinidad","85430","85"
"330","casanare-villanueva",45,"0","casanare-villanueva","85440","85"
"331","casanare-yopal",198,"0","casanare-yopal","85001","85"
"332","cauca-almaguer",242,"0","cauca-almaguer","19022","19"
"333","cauca-almaguer;cauca-paez",1,"0.088","cauca-almaguer","19022","19"
"334","cauca-argelia",8,"0","cauca-argelia","19050","19"
"335","cauca-balboa",1,"0","cauca-balboa","19075","19"
"336","cauca-bolivar",6,"0","cauca-bolivar","19100","19"
"337","cauca-buenosaires",1156,"0","cauca-buenosaires","19110","19"
"338","cauca-cajibio",417,"0","cauca-cajibio","19130","19"
"339","cauca-cajibio;cauca-inza;cauca-paez",1,"0.125714285714286","cauca-cajibio","19130","19"
"340","cauca-caldono",1,"0","cauca-caldono","19137","19"
"341","cauca-caloto",746,"0","cauca-caloto","19142","19"
"342","cauca-corinto",123,"0","cauca-corinto","19212","19"
"343","cauca-eltambo",7,"0","cauca-eltambo","19256","19"
"344","cauca-florencia",3,"0","cauca-florencia","19290","19"
"345","cauca-guachene",42,"0","cauca-guachene","19300","19"
"346","cauca-guapi",192,"0","cauca-guapi","19318","19"
"347","cauca-guapi;cauca-paez",1,"0.1","cauca-guapi","19318","19"
"348","cauca-inza",195,"0","cauca-inza","19355","19"
"349","cauca-inza;cauca-paez",36,"0.104761904761905","cauca-inza","19355","19"
"350","cauca-lasierra",148,"0","cauca-lasierra","19392","19"
"351","cauca-lavega",168,"0","cauca-lavega","19397","19"
"352","cauca-lopezdemicay",384,"0.0777777777777778","cauca-lopez","19418","19"
"353","cauca-miranda",107,"0","cauca-miranda","19455","19"
"354","cauca-morales",112,"0","cauca-morales","19473","19"
"355","cauca-padilla",236,"0","cauca-padilla","19513","19"
"356","cauca-padilla;cauca-paez",1,"0.0916666666666667","cauca-padilla","19513","19"
"357","cauca-paez",836,"0","cauca-paez","19517","19"
"358","cauca-patia",658,"0","cauca-patia","19532","19"
"359","cauca-piamonte",3,"0","cauca-piamonte","19533","19"
"360","cauca-piendamo",610,"0","cauca-piendamo","19548","19"
"361","cauca-popayan",2506,"0","cauca-popayan","19001","19"
"362","cauca-puertotejada",636,"0","cauca-puertotejada","19573","19"
"363","cauca-purace",2,"0","cauca-purace","19585","19"
"364","cauca-rosas",512,"0","cauca-rosas","19622","19"
"365","cauca-sansebastian",13,"0","cauca-sansebastian","19693","19"
"366","cauca-santanderdequilichao",6135,"0","cauca-santanderdequilichao","19698","19"
"367","cauca-santarosa",26,"0","cauca-santarosa","19701","19"
"368","cauca-silvia",99,"0","cauca-silvia","19743","19"
"369","cauca-sotara",80,"0","cauca-sotara","19760","19"
"370","cauca-suarez",43,"0","cauca-suarez","19780","19"
"371","cauca-timbio",662,"0","cauca-timbio","19807","19"
"372","cauca-timbiqui",167,"0","cauca-timbiqui","19809","19"
"373","cauca-toribio",860,"0","cauca-toribio","19821","19"
"374","cauca-totoro",1,"0","cauca-totoro","19824","19"
"375","cauca-villarica",113,"0","cauca-villarica","19845","19"
"376","cesar-aguachica",716,"0","cesar-aguachica","20011","20"
"377","cesar-agustincodazzi",1290,"0","cesar-agustincodazzi","20013","20"
"378","cesar-astrea",1802,"0","cesar-astrea","20032","20"
"379","cesar-becerril",168,"0","cesar-becerril","20045","20"
"380","cesar-bosconia",951,"0","cesar-bosconia","20060","20"
"381","cesar-chimichagua",575,"0","cesar-chimichagua","20175","20"
"382","cesar-chiriguana",409,"0","cesar-chiriguana","20178","20"
"383","cesar-curumani",1774,"0","cesar-curumani","20228","20"
"384","cesar-elcopey",1214,"0","cesar-elcopey","20238","20"
"385","cesar-elpaso",665,"0","cesar-elpaso","20250","20"
"386","cesar-gamarra",216,"0","cesar-gamarra","20295","20"
"387","cesar-gonzalez",33,"0","cesar-gonzalez","20310","20"
"388","cesar-lagloria",417,"0","cesar-lagloria","20383","20"
"389","cesar-lajaguadeibirico",1926,"0","cesar-lajaguadeibirico","20400","20"
"390","cesar-lapaz",164,"0","cesar-lapaz","20621","20"
"391","cesar-manaurebalcondelcesar",445,"0.103703703703704","cesar-manaure","20443","20"
"392","cesar-pailitas",909,"0","cesar-pailitas","20517","20"
"393","cesar-pelaya",385,"0","cesar-pelaya","20550","20"
"394","cesar-pueblobello",1126,"0","cesar-pueblobello","20570","20"
"395","cesar-riodeoro",4,"0","cesar-riodeoro","20614","20"
"396","cesar-sanalberto",363,"0","cesar-sanalberto","20710","20"
"397","cesar-sandiego",1101,"0","cesar-sandiego","20750","20"
"398","cesar-sanmartin",146,"0","cesar-sanmartin","20770","20"
"399","cesar-tamalameque",349,"0","cesar-tamalameque","20787","20"
"400","cesar-valledupar",1599,"0","cesar-valledupar","20001","20"
"401","choco-acandi",1,"0","choco-acandi","27006","27"
"402","choco-condoto",11,"0","choco-condoto","27205","27"
"403","choco-ellitoraldelsanjuan",1,"0","choco-ellitoraldelsanjuan","27250","27"
"404","choco-quibdo",57,"0","choco-quibdo","27001","27"
"405","colombia-todoelpais",177,"1","ninguno","1","1"
"406","cordoba-ayapel",251,"0","cordoba-ayapel","23068","23"
"407","cordoba-buenavista",2,"0","cordoba-buenavista","23079","23"
"408","cordoba-canalete",233,"0","cordoba-canalete","23090","23"
"409","cordoba-cerete",1418,"0","cordoba-cerete","23162","23"
"410","cordoba-chima",2,"0","cordoba-chima","23168","23"
"411","cordoba-chinu",797,"0","cordoba-chinu","23182","23"
"412","cordoba-cienagadeoro",240,"0","cordoba-cienagadeoro","23189","23"
"413","cordoba-cotorra",7,"0","cordoba-cotorra","23300","23"
"414","cordoba-laapartada",138,"0","cordoba-laapartada","23350","23"
"415","cordoba-lorica",3871,"0","cordoba-lorica","23417","23"
"416","cordoba-loscordobas",3,"0","cordoba-loscordobas","23419","23"
"417","cordoba-momil",38,"0","cordoba-momil","23464","23"
"418","cordoba-monitos",19,"0","cordoba-monitos","23500","23"
"419","cordoba-montelibano",749,"0","cordoba-montelibano","23466","23"
"420","cordoba-monteria",7296,"0","cordoba-monteria","23001","23"
"421","cordoba-planetarica",723,"0","cordoba-planetarica","23555","23"
"422","cordoba-pueblonuevo",1756,"0","cordoba-pueblonuevo","23570","23"
"423","cordoba-puertoescondido",566,"0","cordoba-puertoescondido","23574","23"
"424","cordoba-puertolibertador",58,"0","cordoba-puertolibertador","23580","23"
"425","cordoba-purisima",264,"0","cordoba-purisima","23586","23"
"426","cordoba-sahagun",229,"0","cordoba-sahagun","23660","23"
"427","cordoba-sanandressotavento",1589,"0","cordoba-sanandressotavento","23670","23"
"428","cordoba-sanantero",330,"0","cordoba-sanantero","23672","23"
"429","cordoba-sanbernardodelviento",300,"0","cordoba-sanbernardodelviento","23675","23"
"430","cordoba-sanjosedeure",6,"0","cordoba-sanjosedeure","23682","23"
"431","cordoba-sanpelayo",225,"0","cordoba-sanpelayo","23686","23"
"432","cordoba-tierralta",84,"0","cordoba-tierralta","23807","23"
"433","cordoba-valencia",337,"0","cordoba-valencia","23855","23"
"434","cundinamarca-aguadedios",1469,"0","cundinamarca-aguadedios","25001","25"
"435","cundinamarca-alban",4,"0","cundinamarca-alban","25019","25"
"436","cundinamarca-anapoima",3,"0","cundinamarca-anapoima","25035","25"
"437","cundinamarca-anolaima",900,"0","cundinamarca-anolaima","25040","25"
"438","cundinamarca-apulo",203,"0","cundinamarca-apulo","25599","25"
"439","cundinamarca-beltran",61,"0","cundinamarca-beltran","25086","25"
"440","cundinamarca-bituima",64,"0","cundinamarca-bituima","25095","25"
"441","cundinamarca-bojaca",3,"0","cundinamarca-bojaca","25099","25"
"442","cundinamarca-cabrera",2,"0","cundinamarca-cabrera","25120","25"
"443","cundinamarca-cachipay",3,"0","cundinamarca-cachipay","25123","25"
"444","cundinamarca-cajica",1179,"0","cundinamarca-cajica","25126","25"
"445","cundinamarca-caparrapi",298,"0","cundinamarca-caparrapi","25148","25"
"446","cundinamarca-caqueza",1496,"0","cundinamarca-caqueza","25151","25"
"447","cundinamarca-carmendecarupa",516,"0","cundinamarca-carmendecarupa","25154","25"
"448","cundinamarca-chaguani",67,"0","cundinamarca-chaguani","25168","25"
"449","cundinamarca-chia",2614,"0","cundinamarca-chia","25175","25"
"450","cundinamarca-chipaque",3,"0","cundinamarca-chipaque","25178","25"
"451","cundinamarca-choachi",150,"0","cundinamarca-choachi","25181","25"
"452","cundinamarca-choconta",2843,"0","cundinamarca-choconta","25183","25"
"453","cundinamarca-cogua",7,"0","cundinamarca-cogua","25200","25"
"454","cundinamarca-cota",2,"0","cundinamarca-cota","25214","25"
"455","cundinamarca-cucunuba",8,"0","cundinamarca-cucunuba","25224","25"
"456","cundinamarca-elcolegio",388,"0","cundinamarca-elcolegio","25245","25"
"457","cundinamarca-elpenon",238,"0","cundinamarca-elpenon","25258","25"
"458","cundinamarca-elrosal",11,"0","cundinamarca-elrosal","25260","25"
"459","cundinamarca-facatativa",2721,"0","cundinamarca-facatativa","25269","25"
"460","cundinamarca-fomeque",825,"0","cundinamarca-fomeque","25279","25"
"461","cundinamarca-fosca",483,"0","cundinamarca-fosca","25281","25"
"462","cundinamarca-funza",98,"0","cundinamarca-funza","25286","25"
"463","cundinamarca-fuquene",224,"0","cundinamarca-fuquene","25288","25"
"464","cundinamarca-fusagasuga",216,"0","cundinamarca-fusagasuga","25290","25"
"465","cundinamarca-gachala",140,"0","cundinamarca-gachala","25293","25"
"466","cundinamarca-gachancipa",8,"0","cundinamarca-gachancipa","25295","25"
"467","cundinamarca-gacheta",1076,"0","cundinamarca-gacheta","25297","25"
"468","cundinamarca-gama",24,"0","cundinamarca-gama","25299","25"
"469","cundinamarca-girardot",116,"0","cundinamarca-girardot","25307","25"
"470","cundinamarca-granada",9,"0","cundinamarca-granada","25312","25"
"471","cundinamarca-guacheta",1,"0","cundinamarca-guacheta","25317","25"
"472","cundinamarca-guaduas",888,"0","cundinamarca-guaduas","25320","25"
"473","cundinamarca-guasca",51,"0","cundinamarca-guasca","25322","25"
"474","cundinamarca-guataqui",36,"0","cundinamarca-guataqui","25324","25"
"475","cundinamarca-guatavita",1083,"0","cundinamarca-guatavita","25326","25"
"476","cundinamarca-guayabaldesiquima",12,"0","cundinamarca-guayabaldesiquima","25328","25"
"477","cundinamarca-jerusalen",66,"0","cundinamarca-jerusalen","25368","25"
"478","cundinamarca-junin",317,"0","cundinamarca-junin","25372","25"
"479","cundinamarca-lacalera",5,"0","cundinamarca-lacalera","25377","25"
"480","cundinamarca-lamesa",3721,"0","cundinamarca-lamesa","25386","25"
"481","cundinamarca-lapalma",1,"0","cundinamarca-lapalma","25394","25"
"482","cundinamarca-lavega",602,"0","cundinamarca-lavega","25402","25"
"483","cundinamarca-lenguazaque",40,"0","cundinamarca-lenguazaque","25407","25"
"484","cundinamarca-macheta",32,"0","cundinamarca-macheta","25426","25"
"485","cundinamarca-madrid",1893,"0","cundinamarca-madrid","25430","25"
"486","cundinamarca-manta",30,"0","cundinamarca-manta","25436","25"
"487","cundinamarca-medina",201,"0","cundinamarca-medina","25438","25"
"488","cundinamarca-mosquera",2329,"0","cundinamarca-mosquera","25473","25"
"489","cundinamarca-narino",22,"0","cundinamarca-narino","25483","25"
"490","cundinamarca-nemocon",779,"0","cundinamarca-nemocon","25486","25"
"491","cundinamarca-nilo",42,"0","cundinamarca-nilo","25488","25"
"492","cundinamarca-nimaima",210,"0","cundinamarca-nimaima","25489","25"
"493","cundinamarca-nocaima",2,"0","cundinamarca-nocaima","25491","25"
"494","cundinamarca-pacho",3746,"0","cundinamarca-pacho","25513","25"
"495","cundinamarca-paime",4,"0","cundinamarca-paime","25518","25"
"496","cundinamarca-pasca",1,"0","cundinamarca-pasca","25535","25"
"497","cundinamarca-puertosalgar",52,"0","cundinamarca-puertosalgar","25572","25"
"498","cundinamarca-puli",51,"0","cundinamarca-puli","25580","25"
"499","cundinamarca-quipile",4,"0","cundinamarca-quipile","25596","25"
"500","cundinamarca-ricaurte",410,"0","cundinamarca-ricaurte","25612","25"
"501","cundinamarca-sanantoniodeltequendama",574,"0","cundinamarca-sanantoniodeltequendama","25645","25"
"502","cundinamarca-sanbernardo",1,"0","cundinamarca-sanbernardo","25649","25"
"503","cundinamarca-sanfrancisco",172,"0","cundinamarca-sanfrancisco","25658","25"
"504","cundinamarca-sanjuanderioseco",969,"0","cundinamarca-sanjuanderioseco","25662","25"
"505","cundinamarca-sasaima",4,"0","cundinamarca-sasaima","25718","25"
"506","cundinamarca-sesquile",1838,"0","cundinamarca-sesquile","25736","25"
"507","cundinamarca-sibate",7,"0","cundinamarca-sibate","25740","25"
"508","cundinamarca-silvania",1288,"0","cundinamarca-silvania","25743","25"
"509","cundinamarca-simijaca",33,"0","cundinamarca-simijaca","25745","25"
"510","cundinamarca-soacha",4455,"0","cundinamarca-soacha","25754","25"
"511","cundinamarca-sopo",113,"0","cundinamarca-sopo","25758","25"
"512","cundinamarca-suesca",821,"0","cundinamarca-suesca","25772","25"
"513","cundinamarca-supata",3,"0","cundinamarca-supata","25777","25"
"514","cundinamarca-susa",21,"0","cundinamarca-susa","25779","25"
"515","cundinamarca-sutatausa",31,"0","cundinamarca-sutatausa","25781","25"
"516","cundinamarca-tabio",1268,"0","cundinamarca-tabio","25785","25"
"517","cundinamarca-tausa",1,"0","cundinamarca-tausa","25793","25"
"518","cundinamarca-tenjo",809,"0","cundinamarca-tenjo","25799","25"
"519","cundinamarca-tibacuy",1,"0","cundinamarca-tibacuy","25805","25"
"520","cundinamarca-tibirita",36,"0","cundinamarca-tibirita","25807","25"
"521","cundinamarca-tocaima",2466,"0","cundinamarca-tocaima","25815","25"
"522","cundinamarca-tocancipa",2,"0","cundinamarca-tocancipa","25817","25"
"523","cundinamarca-tolemaida",2,"0.0530622009569379","cundinamarca-tocaima","25815","25"
"524","cundinamarca-topaipi",2,"0","cundinamarca-topaipi","25823","25"
"525","cundinamarca-ubala",87,"0","cundinamarca-ubala","25839","25"
"526","cundinamarca-ubaque",25,"0","cundinamarca-ubaque","25841","25"
"527","cundinamarca-venecia",1,"0","cundinamarca-venecia","25506","25"
"528","cundinamarca-vergara",664,"0","cundinamarca-vergara","25862","25"
"529","cundinamarca-viani",373,"0","cundinamarca-viani","25867","25"
"530","cundinamarca-villadesandiegodeubate",2475,"0","cundinamarca-villadesandiegodeubate","25843","25"
"531","cundinamarca-villapinzon",90,"0","cundinamarca-villapinzon","25873","25"
"532","cundinamarca-villeta",117,"0","cundinamarca-villeta","25875","25"
"533","cundinamarca-viota",779,"0","cundinamarca-viota","25878","25"
"534","cundinamarca-zipacon",2,"0","cundinamarca-zipacon","25898","25"
"535","cundinamarca-zipaquira",242,"0","cundinamarca-zipaquira","25899","25"
"536","guaviare-calamar",251,"0","guaviare-calamar","95015","95"
"537","guaviare-elretorno",146,"0","guaviare-elretorno","95025","95"
"538","guaviare-miraflores",110,"0","guaviare-miraflores","95200","95"
"539","guaviare-sanjosedelguaviare",3149,"0","guaviare-sanjosedelguaviare","95001","95"
"540","huila-acevedo",1008,"0","huila-acevedo","41006","41"
"541","huila-agrado",634,"0","huila-agrado","41013","41"
"542","huila-aipe",1440,"0","huila-aipe","41016","41"
"543","huila-baraya",358,"0","huila-baraya","41078","41"
"544","huila-campoalegre",609,"0","huila-campoalegre","41132","41"
"545","huila-colombia",3,"0","huila-colombia","41206","41"
"546","huila-elias",131,"0","huila-elias","41244","41"
"547","huila-garzon",6229,"0","huila-garzon","41298","41"
"548","huila-gigante",312,"0","huila-gigante","41306","41"
"549","huila-guadalupe",113,"0","huila-guadalupe","41319","41"
"550","huila-hobo",114,"0","huila-hobo","41349","41"
"551","huila-iquira",475,"0","huila-iquira","41357","41"
"552","huila-isnos",251,"0","huila-isnos","41359","41"
"553","huila-laargentina",423,"0","huila-laargentina","41378","41"
"554","huila-laplata",4863,"0","huila-laplata","41396","41"
"555","huila-nataga",10,"0","huila-nataga","41483","41"
"556","huila-neiva",7796,"0","huila-neiva","41001","41"
"557","huila-oporapa",857,"0","huila-oporapa","41503","41"
"558","huila-paicol",591,"0","huila-paicol","41518","41"
"559","huila-palermo",1050,"0","huila-palermo","41524","41"
"560","huila-palestina",660,"0","huila-palestina","41530","41"
"561","huila-pitalito",7181,"0","huila-pitalito","41551","41"
"562","huila-rivera",378,"0","huila-rivera","41615","41"
"563","huila-saladoblanco",179,"0","huila-saladoblanco","41660","41"
"564","huila-sanagustin",1020,"0","huila-sanagustin","41668","41"
"565","huila-santamaria",309,"0","huila-santamaria","41676","41"
"566","huila-suaza",693,"0","huila-suaza","41770","41"
"567","huila-tarqui",381,"0","huila-tarqui","41791","41"
"568","huila-tello",551,"0","huila-tello","41799","41"
"569","huila-teruel",65,"0","huila-teruel","41801","41"
"570","huila-tesalia",336,"0","huila-tesalia","41797","41"
"571","huila-timana",1288,"0","huila-timana","41807","41"
"572","huila-villavieja",235,"0","huila-villavieja","41872","41"
"573","huila-yaguara",1343,"0","huila-yaguara","41885","41"
"574","laguajira-albania",9,"0","laguajira-albania","44035","44"
"575","laguajira-barrancas",435,"0","laguajira-barrancas","44078","44"
"576","laguajira-dibulla",231,"0","laguajira-dibulla","44090","44"
"577","laguajira-elmolino",1717,"0","laguajira-elmolino","44110","44"
"578","laguajira-fonseca",776,"0","laguajira-fonseca","44279","44"
"579","laguajira-puertobolivar",16,"0.0953985507246377","laguajira-uribia","44001","44"
"580","laguajira-riohacha",5295,"0","laguajira-riohacha","44001","44"
"581","laguajira-sanjuandelcesar",1816,"0","laguajira-sanjuandelcesar","44650","44"
"582","laguajira-uribia",8,"0","laguajira-uribia","44847","44"
"583","laguajira-urumita",656,"0","laguajira-urumita","44855","44"
"584","magdalena-algarrobo",11,"0","magdalena-algarrobo","47030","47"
"585","magdalena-aracataca",735,"0","magdalena-aracataca","47053","47"
"586","magdalena-ariguani",24,"0","magdalena-ariguani","47058","47"
"587","magdalena-chibolo",306,"0.0235294117647059","magdalena-chivolo","47170","47"
"588","magdalena-concordia",27,"0","magdalena-concordia","47205","47"
"589","magdalena-elbanco",27,"0","magdalena-elbanco","47245","47"
"590","magdalena-eldificil",1,"0.110216718266254","magdalena-elbanco","47245","47"
"591","magdalena-elpinon",4,"0","magdalena-elpinon","47258","47"
"592","magdalena-elreten",797,"0","magdalena-elreten","47268","47"
"593","magdalena-fundacion",1,"0","magdalena-fundacion","47288","47"
"594","magdalena-guamal",188,"0","magdalena-guamal","47318","47"
"595","magdalena-pedraza",174,"0","magdalena-pedraza","47541","47"
"596","magdalena-pijinodelcarmen",8,"0","magdalena-pijinodelcarmen","47545","47"
"597","magdalena-pivijay",1992,"0","magdalena-pivijay","47551","47"
"598","magdalena-plato",55,"0","magdalena-plato","47555","47"
"599","magdalena-puebloviejo",274,"0","magdalena-puebloviejo","47570","47"
"600","magdalena-remolino",486,"0","magdalena-remolino","47605","47"
"601","magdalena-sabanasdesanangel",254,"0","magdalena-sabanasdesanangel","47660","47"
"602","magdalena-salamina",99,"0","magdalena-salamina","47675","47"
"603","magdalena-santaana",1,"0","magdalena-santaana","47707","47"
"604","magdalena-santabarbaradepinto",31,"0","magdalena-santabarbaradepinto","47720","47"
"605","magdalena-santamarta",1520,"0","magdalena-santamarta","47001","47"
"606","magdalena-sitionuevo",395,"0","magdalena-sitionuevo","47745","47"
"607","magdalena-tenerife",432,"0","magdalena-tenerife","47798","47"
"608","magdalena-zonabananera",151,"0","magdalena-zonabananera","47980","47"
"609","meta-acacias",3350,"0","meta-acacias","50006","50"
"610","meta-barrancadeupia",254,"0","meta-barrancadeupia","50110","50"
"611","meta-cabuyaro",209,"0","meta-cabuyaro","50124","50"
"612","meta-castillalanueva",1148,"0","meta-castillalanueva","50150","50"
"613","meta-cubarral",218,"0","meta-cubarral","50223","50"
"614","meta-cumaral",303,"0","meta-cumaral","50226","50"
"615","meta-elcalvario",136,"0","meta-elcalvario","50245","50"
"616","meta-elcastillo",223,"0","meta-elcastillo","50251","50"
"617","meta-eldorado",63,"0","meta-eldorado","50270","50"
"618","meta-fuentedeoro",767,"0","meta-fuentedeoro","50287","50"
"619","meta-granada",1552,"0","meta-granada","50313","50"
"620","meta-guamal",432,"0","meta-guamal","50318","50"
"621","meta-lamacarena",347,"0","meta-lamacarena","50350","50"
"622","meta-lejanias",228,"0","meta-lejanias","50400","50"
"623","meta-mapiripan",250,"0","meta-mapiripan","50325","50"
"624","meta-mesetas",283,"0","meta-mesetas","50330","50"
"625","meta-puertoconcordia",239,"0","meta-puertoconcordia","50450","50"
"626","meta-puertogaitan",547,"0","meta-puertogaitan","50568","50"
"627","meta-puertolleras",256,"0","meta-puertolleras","50577","50"
"628","meta-puertolopez",2443,"0","meta-puertolopez","50573","50"
"629","meta-puertorico",911,"0","meta-puertorico","50590","50"
"630","meta-restrepo",304,"0","meta-restrepo","50606","50"
"631","meta-sancarlosdeguaroa",390,"0","meta-sancarlosdeguaroa","50680","50"
"632","meta-sanjuandearama",171,"0","meta-sanjuandearama","50683","50"
"633","meta-sanjuanito",74,"0","meta-sanjuanito","50686","50"
"634","meta-sanmartin",480,"0","meta-sanmartin","50689","50"
"635","meta-uribe",368,"0","meta-uribe","50370","50"
"636","meta-villavicencio",15371,"0","meta-villavicencio","50001","50"
"637","meta-vistahermosa",440,"0","meta-vistahermosa","50711","50"
"638","narino-alban",99,"0","narino-alban","52019","52"
"639","narino-aldana",1558,"0","narino-aldana","52022","52"
"640","narino-ancuya",1099,"0","narino-ancuya","52036","52"
"641","narino-arboleda",905,"0","narino-arboleda","52051","52"
"642","narino-barbacoas",862,"0","narino-barbacoas","52079","52"
"643","narino-belen",692,"0","narino-belen","52083","52"
"644","narino-bocasdesatinga",4,"0.101098901098901","narino-aldana","52022","52"
"645","narino-buesaco",3947,"0","narino-buesaco","52110","52"
"646","narino-chachagui",2035,"0","narino-chachagui","52240","52"
"647","narino-colon",524,"0","narino-colon","52203","52"
"648","narino-consaca",1680,"0","narino-consaca","52207","52"
"649","narino-contadero",1415,"0","narino-contadero","52210","52"
"650","narino-contadero;narino-cuaspud",1,"0.0967741935483871","narino-contadero","52210","52"
"651","narino-cordoba",2411,"0","narino-cordoba","52215","52"
"652","narino-cuaspud",938,"0","narino-cuaspud","52224","52"
"653","narino-cumbal",2251,"0","narino-cumbal","52227","52"
"654","narino-cumbitara",1025,"0","narino-cumbitara","52233","52"
"655","narino-elcharco",104,"0","narino-elcharco","52250","52"
"656","narino-elpenol",1,"0","narino-elpenol","52254","52"
"657","narino-elrosario",1297,"0","narino-elrosario","52256","52"
"658","narino-eltablondegomez",1905,"0","narino-eltablondegomez","52258","52"
"659","narino-eltambo",1768,"0","narino-eltambo","52260","52"
"660","narino-franciscopizarro",1,"0","narino-franciscopizarro","52520","52"
"661","narino-funes",1324,"0","narino-funes","52287","52"
"662","narino-guachucal",3,"0","narino-guachucal","52317","52"
"663","narino-guaitarilla",1544,"0","narino-guaitarilla","52320","52"
"664","narino-gualmatan",3,"0","narino-gualmatan","52323","52"
"665","narino-iles",727,"0","narino-iles","52352","52"
"666","narino-imues",474,"0","narino-imues","52354","52"
"667","narino-ipiales",11008,"0","narino-ipiales","52356","52"
"668","narino-lacruz",1813,"0","narino-lacruz","52378","52"
"669","narino-laflorida",1118,"0","narino-laflorida","52381","52"
"670","narino-latola",413,"0","narino-latola","52390","52"
"671","narino-launion",5536,"0","narino-launion","52399","52"
"672","narino-leiva",7,"0","narino-leiva","52405","52"
"673","narino-linares",1336,"0","narino-linares","52411","52"
"674","narino-losandes",812,"0","narino-losandes","52418","52"
"675","narino-magui",832,"0","narino-magui","52427","52"
"676","narino-mallama",1596,"0","narino-mallama","52435","52"
"677","narino-mosquera",202,"0","narino-mosquera","52473","52"
"678","narino-narino",638,"0","narino-narino","52480","52"
"679","narino-olayaherrera",842,"0","narino-olayaherrera","52490","52"
"680","narino-ospina",1055,"0","narino-ospina","52506","52"
"681","narino-pasto",5427,"0","narino-pasto","52001","52"
"682","narino-policarpa",1289,"0","narino-policarpa","52540","52"
"683","narino-potosi",2051,"0","narino-potosi","52560","52"
"684","narino-providencia",1314,"0","narino-providencia","52565","52"
"685","narino-puerres",2002,"0","narino-puerres","52573","52"
"686","narino-pupiales",2003,"0","narino-pupiales","52585","52"
"687","narino-ricaurte",1681,"0","narino-ricaurte","52612","52"
"688","narino-robertopayan",513,"0","narino-robertopayan","52621","52"
"689","narino-samaniego",5028,"0","narino-samaniego","52678","52"
"690","narino-sanandresdetumaco",20,"0","narino-sanandresdetumaco","52835","52"
"691","narino-sanbernardo",7,"0","narino-sanbernardo","52685","52"
"692","narino-sanlorenzo",2136,"0","narino-sanlorenzo","52687","52"
"693","narino-sanpablo",1466,"0","narino-sanpablo","52693","52"
"694","narino-sanpedrodecartago",1157,"0","narino-sanpedrodecartago","52694","52"
"695","narino-santabarbara",110,"0","narino-santabarbara","52696","52"
"696","narino-santacruz",135,"0","narino-santacruz","52699","52"
"697","narino-sapuyes",940,"0","narino-sapuyes","52720","52"
"698","narino-taminango",1883,"0","narino-taminango","52786","52"
"699","narino-tangua",528,"0","narino-tangua","52788","52"
"700","narino-tuquerres",1,"0","narino-tuquerres","52838","52"
"701","narino-yacuanquer",732,"0","narino-yacuanquer","52885","52"
"702","nortedesantander-abrego",922,"0","nortedesantander-abrego","54003","54"
"703","nortedesantander-arboledas",46,"0","nortedesantander-arboledas","54051","54"
"704","nortedesantander-bochalema",85,"0","nortedesantander-bochalema","54099","54"
"705","nortedesantander-bucarasica",1,"0","nortedesantander-bucarasica","54109","54"
"706","nortedesantander-cachira",500,"0","nortedesantander-cachira","54128","54"
"707","nortedesantander-cacota",11,"0","nortedesantander-cacota","54125","54"
"708","nortedesantander-chinacota",926,"0","nortedesantander-chinacota","54172","54"
"709","nortedesantander-chitaga",10,"0","nortedesantander-chitaga","54174","54"
"710","nortedesantander-convencion",191,"0","nortedesantander-convencion","54206","54"
"711","nortedesantander-cucutilla",6,"0","nortedesantander-cucutilla","54223","54"
"712","nortedesantander-durania",35,"0","nortedesantander-durania","54239","54"
"713","nortedesantander-elcarmen",181,"0","nortedesantander-elcarmen","54245","54"
"714","nortedesantander-eltarra",12,"0","nortedesantander-eltarra","54250","54"
"715","nortedesantander-elzulia",1447,"0","nortedesantander-elzulia","54261","54"
"716","nortedesantander-gramalote",5,"0","nortedesantander-gramalote","54313","54"
"717","nortedesantander-hacari",68,"0","nortedesantander-hacari","54344","54"
"718","nortedesantander-herran",53,"0","nortedesantander-herran","54347","54"
"719","nortedesantander-labateca",28,"0","nortedesantander-labateca","54377","54"
"720","nortedesantander-laesperanza",269,"0","nortedesantander-laesperanza","54385","54"
"721","nortedesantander-laplayadebelen",739,"0.0451612903225806","nortedesantander-laplaya","54398","54"
"722","nortedesantander-lospatios",2292,"0","nortedesantander-lospatios","54405","54"
"723","nortedesantander-lourdes",6,"0","nortedesantander-lourdes","54418","54"
"724","nortedesantander-mutiscua",1,"0","nortedesantander-mutiscua","54480","54"
"725","nortedesantander-ocana",1171,"0","nortedesantander-ocana","54498","54"
"726","nortedesantander-pamplona",1496,"0","nortedesantander-pamplona","54518","54"
"727","nortedesantander-pamplonita",3,"0","nortedesantander-pamplonita","54520","54"
"728","nortedesantander-puertosantander",13,"0","nortedesantander-puertosantander","54553","54"
"729","nortedesantander-ragonvalia",37,"0","nortedesantander-ragonvalia","54599","54"
"730","nortedesantander-salazardelaspalmas",21,"0.0628571428571428","nortedesantander-salazar","54660","54"
"731","nortedesantander-sancalixto",11,"0","nortedesantander-sancalixto","54670","54"
"732","nortedesantander-sancayetano",27,"0","nortedesantander-sancayetano","54673","54"
"733","nortedesantander-sanjosedecucuta",9359,"0.0692934782608696","nortedesantander-cacota","54001","54"
"734","nortedesantander-santiago",18,"0","nortedesantander-santiago","54680","54"
"735","nortedesantander-santodomigodesilos",5,"0.0833571428571428","nortedesantander-santiago","54680","54"
"736","nortedesantander-teorama",89,"0","nortedesantander-teorama","54800","54"
"737","nortedesantander-toledo",133,"0","nortedesantander-toledo","54820","54"
"738","nortedesantander-villacaro",8,"0","nortedesantander-villacaro","54871","54"
"739","nortedesantander-villadelrosario",1222,"0","nortedesantander-villadelrosario","54874","54"
"740","otrospaises-otrasciudades",1,"1","ninguno","ninguno","ninguno"
"741","putumayo-colon",68,"0","putumayo-colon","86219","86"
"742","putumayo-orito",372,"0","putumayo-orito","86320","86"
"743","putumayo-puertoasis",632,"0","putumayo-puertoasis","86568","86"
"744","putumayo-puertocaicedo",797,"0","putumayo-puertocaicedo","86569","86"
"745","putumayo-puertoguzman",438,"0","putumayo-puertoguzman","86571","86"
"746","putumayo-puertoleguizamo",715,"0","putumayo-puertoleguizamo","86573","86"
"747","putumayo-sanmiguel(ladorada)",53,"0.0714285714285714","putumayo-sanmiguel","86757","86"
"748","putumayo-sanmigueldemocoa",849,"0.0560000000000001","putumayo-sanmiguel","86757","86"
"749","putumayo-santiago",1,"0","putumayo-santiago","86760","86"
"750","putumayo-sibundoy",2,"0","putumayo-sibundoy","86749","86"
"751","putumayo-valledelguamuez",1162,"0","putumayo-valledelguamuez","86865","86"
"752","putumayo-villagarzon",1,"0","putumayo-villagarzon","86885","86"
"753","quindio-armenia",1052,"0","quindio-armenia","63001","63"
"754","quindio-buenavista",1,"0","quindio-buenavista","63111","63"
"755","quindio-calarca",1872,"0","quindio-calarca","63130","63"
"756","quindio-circasia",608,"0","quindio-circasia","63190","63"
"757","quindio-filandia",978,"0","quindio-filandia","63272","63"
"758","quindio-genova",599,"0","quindio-genova","63302","63"
"759","quindio-latebaida",528,"0","quindio-latebaida","63401","63"
"760","quindio-montenegro",941,"0","quindio-montenegro","63470","63"
"761","quindio-pijao",289,"0","quindio-pijao","63548","63"
"762","quindio-quimbaya",894,"0","quindio-quimbaya","63594","63"
"763","quindio-salento",658,"0","quindio-salento","63690","63"
"764","risaralda-apia",26,"0","risaralda-apia","66045","66"
"765","risaralda-balboa",211,"0","risaralda-balboa","66075","66"
"766","risaralda-belendeumbria",3,"0","risaralda-belendeumbria","66088","66"
"767","risaralda-dosquebradas",1407,"0","risaralda-dosquebradas","66170","66"
"768","risaralda-guatica",136,"0","risaralda-guatica","66318","66"
"769","risaralda-lacelia",48,"0","risaralda-lacelia","66383","66"
"770","risaralda-lavirginia",1106,"0","risaralda-lavirginia","66400","66"
"771","risaralda-marsella",460,"0","risaralda-marsella","66440","66"
"772","risaralda-mistrato",277,"0","risaralda-mistrato","66456","66"
"773","risaralda-pereira",5757,"0","risaralda-pereira","66001","66"
"774","risaralda-pueblorico",452,"0","risaralda-pueblorico","66572","66"
"775","risaralda-quinchia",58,"0","risaralda-quinchia","66594","66"
"776","risaralda-santarosadecabal",232,"0","risaralda-santarosadecabal","66682","66"
"777","risaralda-santuario",230,"0","risaralda-santuario","66687","66"
"778","sanandres,providenciaysantacatalina-providencia",4,"1","ninguno","88564","88"
"779","sanandres,providenciaysantacatalina-sanandres",4,"1","ninguno","88564","88"
"780","santander-aguada",236,"0","santander-aguada","68013","68"
"781","santander-albania",142,"0","santander-albania","68020","68"
"782","santander-barbosa",468,"0","santander-barbosa","68077","68"
"783","santander-barichara",664,"0","santander-barichara","68079","68"
"784","santander-barrancabermeja",2848,"0","santander-barrancabermeja","68081","68"
"785","santander-betulia",59,"0","santander-betulia","68092","68"
"786","santander-bolivar",175,"0","santander-bolivar","68101","68"
"787","santander-bucaramanga",8572,"0","santander-bucaramanga","68001","68"
"788","santander-cabrera",279,"0","santander-cabrera","68121","68"
"789","santander-california",75,"0","santander-california","68132","68"
"790","santander-capitanejo",513,"0","santander-capitanejo","68147","68"
"791","santander-carcasi",32,"0","santander-carcasi","68152","68"
"792","santander-cepita",5,"0","santander-cepita","68160","68"
"793","santander-cerrito",1,"0","santander-cerrito","68162","68"
"794","santander-charala",301,"0","santander-charala","68167","68"
"795","santander-charta",70,"0","santander-charta","68169","68"
"796","santander-chima",147,"0","santander-chima","68176","68"
"797","santander-chipata",141,"0","santander-chipata","68179","68"
"798","santander-cimitarra",265,"0","santander-cimitarra","68190","68"
"799","santander-concepcion",633,"0","santander-concepcion","68207","68"
"800","santander-confines",35,"0","santander-confines","68209","68"
"801","santander-contratacion",460,"0","santander-contratacion","68211","68"
"802","santander-coromoro",269,"0","santander-coromoro","68217","68"
"803","santander-curiti",156,"0","santander-curiti","68229","68"
"804","santander-elcarmendechucuri",592,"0","santander-elcarmendechucuri","68235","68"
"805","santander-elguacamayo",162,"0","santander-elguacamayo","68245","68"
"806","santander-elpenon",250,"0","santander-elpenon","68250","68"
"807","santander-elplayon",555,"0","santander-elplayon","68255","68"
"808","santander-encino",1,"0","santander-encino","68264","68"
"809","santander-enciso",117,"0","santander-enciso","68266","68"
"810","santander-florian",369,"0","santander-florian","68271","68"
"811","santander-floridablanca",1267,"0","santander-floridablanca","68276","68"
"812","santander-galan",267,"0","santander-galan","68296","68"
"813","santander-gambita",1,"0","santander-gambita","68298","68"
"814","santander-giron",1444,"0","santander-giron","68307","68"
"815","santander-guaca",384,"0","santander-guaca","68318","68"
"816","santander-guadalupe",327,"0","santander-guadalupe","68320","68"
"817","santander-guapota",193,"0","santander-guapota","68322","68"
"818","santander-guavata",142,"0","santander-guavata","68324","68"
"819","santander-guepsa",301,"0","santander-guepsa","68327","68"
"820","santander-hato",12,"0","santander-hato","68344","68"
"821","santander-jesusmaria",1,"0","santander-jesusmaria","68368","68"
"822","santander-labelleza",332,"0","santander-labelleza","68377","68"
"823","santander-landazuri",532,"0","santander-landazuri","68385","68"
"824","santander-lapaz",277,"0","santander-lapaz","68397","68"
"825","santander-lebrija",1027,"0","santander-lebrija","68406","68"
"826","santander-lossantos",266,"0","santander-lossantos","68418","68"
"827","santander-malaga",429,"0","santander-malaga","68432","68"
"828","santander-matanza",147,"0","santander-matanza","68444","68"
"829","santander-mogotes",499,"0","santander-mogotes","68464","68"
"830","santander-molagavita",201,"0","santander-molagavita","68468","68"
"831","santander-ocamonte",200,"0","santander-ocamonte","68498","68"
"832","santander-oiba",231,"0","santander-oiba","68500","68"
"833","santander-onzaga",293,"0","santander-onzaga","68502","68"
"834","santander-palmasdelsocorro",5,"0","santander-palmasdelsocorro","68524","68"
"835","santander-paramo",206,"0","santander-paramo","68533","68"
"836","santander-piedecuesta",634,"0","santander-piedecuesta","68547","68"
"837","santander-pinchote",3,"0","santander-pinchote","68549","68"
"838","santander-puentenacional",810,"0","santander-puentenacional","68572","68"
"839","santander-puertoparra",160,"0","santander-puertoparra","68573","68"
"840","santander-puertowilches",182,"0","santander-puertowilches","68575","68"
"841","santander-rionegro",508,"0","santander-rionegro","68615","68"
"842","santander-sabanadetorres",776,"0","santander-sabanadetorres","68655","68"
"843","santander-sanandres",334,"0","santander-sanandres","68669","68"
"844","santander-sanbenito",230,"0","santander-sanbenito","68673","68"
"845","santander-sangil",2,"0","santander-sangil","68679","68"
"846","santander-sanjoaquin",111,"0","santander-sanjoaquin","68682","68"
"847","santander-sanjosedemiranda",188,"0","santander-sanjosedemiranda","68684","68"
"848","santander-sanmiguel",122,"0","santander-sanmiguel","68686","68"
"849","santander-santabarbara",87,"0","santander-santabarbara","68705","68"
"850","santander-sanvicentedechucuri",219,"0","santander-sanvicentedechucuri","68689","68"
"851","santander-simacota",331,"0","santander-simacota","68745","68"
"852","santander-socorro",874,"0","santander-socorro","68755","68"
"853","santander-suaita",302,"0","santander-suaita","68770","68"
"854","santander-sucre",139,"0","santander-sucre","68773","68"
"855","santander-surata",357,"0","santander-surata","68780","68"
"856","santander-tona",1,"0","santander-tona","68820","68"
"857","santander-valledesanjose",278,"0","santander-valledesanjose","68855","68"
"858","santander-velez",425,"0","santander-velez","68861","68"
"859","santander-vetas",42,"0","santander-vetas","68867","68"
"860","santander-villanueva",699,"0","santander-villanueva","68872","68"
"861","sucre-buenavista",620,"0","sucre-buenavista","70110","70"
"862","sucre-caimito",326,"0","sucre-caimito","70124","70"
"863","sucre-coloso",666,"0","sucre-coloso","70204","70"
"864","sucre-corozal",2040,"0","sucre-corozal","70215","70"
"865","sucre-covenas",2,"0","sucre-covenas","70221","70"
"866","sucre-elroble",57,"0","sucre-elroble","70233","70"
"867","sucre-galeras",1793,"0","sucre-galeras","70235","70"
"868","sucre-guaranda",274,"0","sucre-guaranda","70265","70"
"869","sucre-lospalmitos",979,"0","sucre-lospalmitos","70418","70"
"870","sucre-majagual",424,"0","sucre-majagual","70429","70"
"871","sucre-morroa",907,"0","sucre-morroa","70473","70"
"872","sucre-ovejas",244,"0","sucre-ovejas","70508","70"
"873","sucre-palmito",6,"0","sucre-palmito","70523","70"
"874","sucre-sampues",1353,"0","sucre-sampues","70670","70"
"875","sucre-sanbenitoabad",769,"0","sucre-sanbenitoabad","70678","70"
"876","sucre-sanjuandebetulia",6,"0","sucre-sanjuandebetulia","70702","70"
"877","sucre-sanmarcos",2984,"0","sucre-sanmarcos","70708","70"
"878","sucre-sanonofre",7,"0","sucre-sanonofre","70713","70"
"879","sucre-sanpedro",166,"0","sucre-sanpedro","70717","70"
"880","sucre-santiagodetolu",6,"0","sucre-santiagodetolu","70820","70"
"881","sucre-since",429,"0.0533333333333333","sucre-sincelejo","70001","70"
"882","sucre-sincelejo",1545,"0","sucre-sincelejo","70001","70"
"883","sucre-sucre",296,"0","sucre-sucre","70771","70"
"884","sucre-toluviejo",508,"0","sucre-toluviejo","70823","70"
"885","tolima-alpujarra",141,"0","tolima-alpujarra","73024","73"
"886","tolima-alvarado",1,"0","tolima-alvarado","73026","73"
"887","tolima-ambalema",287,"0","tolima-ambalema","73030","73"
"888","tolima-anzoategui",2,"0","tolima-anzoategui","73043","73"
"889","tolima-armero",1171,"0","tolima-armero","73055","73"
"890","tolima-ataco",96,"0","tolima-ataco","73067","73"
"891","tolima-cajamarca",312,"0","tolima-cajamarca","73124","73"
"892","tolima-carmendeapicala",497,"0","tolima-carmendeapicala","73148","73"
"893","tolima-casabianca",1,"0","tolima-casabianca","73152","73"
"894","tolima-chaparral",2,"0","tolima-chaparral","73168","73"
"895","tolima-coello",277,"0","tolima-coello","73200","73"
"896","tolima-coyaima",479,"0","tolima-coyaima","73217","73"
"897","tolima-cunday",178,"0","tolima-cunday","73226","73"
"898","tolima-dolores",228,"0","tolima-dolores","73236","73"
"899","tolima-elespinal",989,"0.0678571428571429","tolima-espinal","73268","73"
"900","tolima-elguamo",1136,"0.0285714285714286","tolima-guamo","73319","73"
"901","tolima-ellibano",2275,"0.0266666666666667","tolima-libano","73411","73"
"902","tolima-falan",305,"0","tolima-falan","73270","73"
"903","tolima-flandes",296,"0","tolima-flandes","73275","73"
"904","tolima-fresno",2021,"0","tolima-fresno","73283","73"
"905","tolima-guayabal",2,"0.1","tolima-guamo","73319","73"
"906","tolima-herveo",118,"0","tolima-herveo","73347","73"
"907","tolima-honda",441,"0","tolima-honda","73349","73"
"908","tolima-ibague",5643,"0","tolima-ibague","73001","73"
"909","tolima-icononzo",324,"0","tolima-icononzo","73352","73"
"910","tolima-lerida",3507,"0","tolima-lerida","73408","73"
"911","tolima-melgar",1559,"0","tolima-melgar","73449","73"
"912","tolima-murillo",22,"0","tolima-murillo","73461","73"
"913","tolima-ortega",841,"0","tolima-ortega","73504","73"
"914","tolima-palocabildo",250,"0","tolima-palocabildo","73520","73"
"915","tolima-piedras",6,"0","tolima-piedras","73547","73"
"916","tolima-planadas",735,"0","tolima-planadas","73555","73"
"917","tolima-prado",156,"0","tolima-prado","73563","73"
"918","tolima-purificacion",4188,"0","tolima-purificacion","73585","73"
"919","tolima-rioblanco",279,"0","tolima-rioblanco","73616","73"
"920","tolima-roncesvalles",158,"0","tolima-roncesvalles","73622","73"
"921","tolima-rovira",202,"0","tolima-rovira","73624","73"
"922","tolima-saldana",389,"0","tolima-saldana","73671","73"
"923","tolima-sanantonio",158,"0","tolima-sanantonio","73675","73"
"924","tolima-sanluis",2,"0","tolima-sanluis","73678","73"
"925","tolima-sansebastiandemariquita",973,"0.130833333333333","tolima-mariquita","73443","73"
"926","tolima-santaisabel",187,"0","tolima-santaisabel","73686","73"
"927","tolima-suarez",58,"0","tolima-suarez","73770","73"
"928","tolima-valledesanjuan",364,"0","tolima-valledesanjuan","73854","73"
"929","tolima-venadillo",221,"0","tolima-venadillo","73861","73"
"930","tolima-villahermosa",334,"0","tolima-villahermosa","73870","73"
"931","tolima-villarrica",6,"0","tolima-villarrica","73873","73"
"932","valledelcauca-alcala",211,"0","valledelcauca-alcala","76020","76"
"933","valledelcauca-andalucia",1115,"0","valledelcauca-andalucia","76036","76"
"934","valledelcauca-ansermanuevo",56,"0","valledelcauca-ansermanuevo","76041","76"
"935","valledelcauca-argelia",88,"0","valledelcauca-argelia","76054","76"
"936","valledelcauca-bolivar",1,"0","valledelcauca-bolivar","76100","76"
"937","valledelcauca-buenaventura",615,"0","valledelcauca-buenaventura","76109","76"
"938","valledelcauca-bugalagrande",696,"0","valledelcauca-bugalagrande","76113","76"
"939","valledelcauca-caicedonia",20,"0","valledelcauca-caicedonia","76122","76"
"940","valledelcauca-cali",13401,"0","valledelcauca-cali","76001","76"
"941","valledelcauca-calima",264,"0","valledelcauca-calima","76126","76"
"942","valledelcauca-candelaria",2275,"0","valledelcauca-candelaria","76130","76"
"943","valledelcauca-cartago",301,"0","valledelcauca-cartago","76147","76"
"944","valledelcauca-dagua",189,"0","valledelcauca-dagua","76233","76"
"945","valledelcauca-elaguila",287,"0","valledelcauca-elaguila","76243","76"
"946","valledelcauca-elcairo",50,"0","valledelcauca-elcairo","76246","76"
"947","valledelcauca-elcerrito",286,"0","valledelcauca-elcerrito","76248","76"
"948","valledelcauca-eldovio",160,"0","valledelcauca-eldovio","76250","76"
"949","valledelcauca-florida",1140,"0","valledelcauca-florida","76275","76"
"950","valledelcauca-ginebra",292,"0","valledelcauca-ginebra","76306","76"
"951","valledelcauca-guacari",103,"0","valledelcauca-guacari","76318","76"
"952","valledelcauca-guadalajaradebuga",30,"0","valledelcauca-guadalajaradebuga","76111","76"
"953","valledelcauca-jamundi",314,"0","valledelcauca-jamundi","76364","76"
"954","valledelcauca-lacumbre",404,"0","valledelcauca-lacumbre","76377","76"
"955","valledelcauca-launion",1589,"0","valledelcauca-launion","76400","76"
"956","valledelcauca-lavictoria",138,"0","valledelcauca-lavictoria","76403","76"
"957","valledelcauca-obando",356,"0","valledelcauca-obando","76497","76"
"958","valledelcauca-palmira",2796,"0","valledelcauca-palmira","76520","76"
"959","valledelcauca-pradera",890,"0","valledelcauca-pradera","76563","76"
"960","valledelcauca-restrepo",3,"0","valledelcauca-restrepo","76606","76"
"961","valledelcauca-riofrio",472,"0","valledelcauca-riofrio","76616","76"
"962","valledelcauca-roldanillo",571,"0","valledelcauca-roldanillo","76622","76"
"963","valledelcauca-sanpedro",981,"0","valledelcauca-sanpedro","76670","76"
"964","valledelcauca-sevilla",780,"0","valledelcauca-sevilla","76736","76"
"965","valledelcauca-trujillo",998,"0","valledelcauca-trujillo","76828","76"
"966","valledelcauca-tulua",518,"0","valledelcauca-tulua","76834","76"
"967","valledelcauca-versalles",175,"0","valledelcauca-versalles","76863","76"
"968","valledelcauca-vijes",765,"0","valledelcauca-vijes","76869","76"
"969","valledelcauca-yotoco",511,"0","valledelcauca-yotoco","76890","76"
"970","valledelcauca-yumbo",2355,"0","valledelcauca-yumbo","76892","76"
"971","valledelcauca-zarzal",1,"0","valledelcauca-zarzal","76895","76"
"972","vaupes-caruru",211,"0","vaupes-caruru","97161","97"
"973","vaupes-mitu",2265,"0","vaupes-mitu","97001","97"
"974","vaupes-taraira",29,"0","vaupes-taraira","97666","97"
"975","vichada-cumaribo",457,"0","vichada-cumaribo","99773","99"
"976","vichada-laprimavera",532,"0","vichada-laprimavera","99524","99"
"977","vichada-puertocarreno",2875,"0","vichada-puertocarreno","99001","99"
"978","vichada-santarosalia",289,"0","vichada-santarosalia","99624","99"
